path,size_bytes,category,staging_policy,future_destination,provenance_reference,notes
bugslayer_logo.png,1489185,runtime-approved,stage-runtime,game/public/assets/ui/bugslayer_logo.png,sprite-export/ASSETS.md,Logotipo aprobado
output/fonts/geist-pixel-square/GeistPixel-Square.woff2,28584,runtime-approved,stage-runtime,game/public/assets/fonts/GeistPixel-Square.woff2,output/fonts/geist-pixel-square/README.md,Fuente local oficial
output/fonts/geist-pixel-square/OFL.txt,4387,license-attribution,stage,game/public/assets/fonts/OFL.txt,output/fonts/geist-pixel-square/README.md,Licencia OFL de Geist Pixel Square
output/imagegen/boolean-beetle-concept-sheet.png,2359371,master-concept-source,exclude-first-staging,assets-source/concepts/,ASSET-CLASSIFICATION.md,"Master, concepto o export previo a normalización runtime"
output/imagegen/bug-slayer-ui-system-concept-sheet-v1.png,1969982,master-concept-source,exclude-first-staging,assets-source/concepts/,output/imagegen/bug-slayer-ui-system-concept-sheet-v1.md,"Master, concepto o export previo a normalización runtime"
output/imagegen/cast-hornet-concept-sheet.png,2037119,master-concept-source,exclude-first-staging,assets-source/concepts/,ASSET-CLASSIFICATION.md,"Master, concepto o export previo a normalización runtime"
output/imagegen/initial-office-concept-sheet-v2.png,2118681,superseded-rejected,exclude-from-baseline,,ASSET-CLASSIFICATION.md,Reemplazado o incompatible con el alcance vigente
output/imagegen/initial-office-concept-sheet-v3.png,2097354,superseded-rejected,exclude-from-baseline,,ASSET-CLASSIFICATION.md,Reemplazado o incompatible con el alcance vigente
output/imagegen/initial-office-concept-sheet-v4.png,2267024,master-concept-source,exclude-first-staging,assets-source/concepts/,ASSET-CLASSIFICATION.md,"Master, concepto o export previo a normalización runtime"
output/imagegen/initial-office-concept-sheet.png,2039623,superseded-rejected,exclude-from-baseline,,ASSET-CLASSIFICATION.md,Reemplazado o incompatible con el alcance vigente
output/imagegen/mutable-widow-concept-sheet.png,2021792,master-concept-source,exclude-first-staging,assets-source/concepts/,ASSET-CLASSIFICATION.md,"Master, concepto o export previo a normalización runtime"
output/imagegen/mycelial-monolith-concept-sheet.png,2552989,master-concept-source,exclude-first-staging,assets-source/concepts/,ASSET-CLASSIFICATION.md,"Master, concepto o export previo a normalización runtime"
output/imagegen/parse-mantis-concept-sheet.png,1541288,master-concept-source,exclude-first-staging,assets-source/concepts/,ASSET-CLASSIFICATION.md,"Master, concepto o export previo a normalización runtime"
output/imagegen/parse-mantis-damage-chroma.png,1623017,temporary-intermediate,ignore-never-stage,,ASSET-CLASSIFICATION.md,"Fuente cromática, alpha o salida intermedia"
output/imagegen/parse-mantis-damage-spritesheet.png,1064096,master-concept-source,exclude-first-staging,assets-source/concepts/,ASSET-CLASSIFICATION.md,"Master, concepto o export previo a normalización runtime"
output/imagegen/parse-mantis-damage-transparent.png,980143,temporary-intermediate,ignore-never-stage,,ASSET-CLASSIFICATION.md,"Fuente cromática, alpha o salida intermedia"
output/imagegen/parse-mantis-defeat-chroma.png,1594060,temporary-intermediate,ignore-never-stage,,ASSET-CLASSIFICATION.md,"Fuente cromática, alpha o salida intermedia"
output/imagegen/parse-mantis-defeat-spritesheet.png,1022999,master-concept-source,exclude-first-staging,assets-source/concepts/,ASSET-CLASSIFICATION.md,"Master, concepto o export previo a normalización runtime"
output/imagegen/parse-mantis-defeat-transparent.png,953238,temporary-intermediate,ignore-never-stage,,ASSET-CLASSIFICATION.md,"Fuente cromática, alpha o salida intermedia"
output/imagegen/parse-mantis-idle-chroma.png,1549092,temporary-intermediate,ignore-never-stage,,ASSET-CLASSIFICATION.md,"Fuente cromática, alpha o salida intermedia"
output/imagegen/parse-mantis-idle-spritesheet.png,925820,master-concept-source,exclude-first-staging,assets-source/concepts/,ASSET-CLASSIFICATION.md,"Master, concepto o export previo a normalización runtime"
output/imagegen/parse-mantis-idle-transparent.png,852532,temporary-intermediate,ignore-never-stage,,ASSET-CLASSIFICATION.md,"Fuente cromática, alpha o salida intermedia"
output/imagegen/parse-mantis-linear-attack-chroma.png,1640801,temporary-intermediate,ignore-never-stage,,ASSET-CLASSIFICATION.md,"Fuente cromática, alpha o salida intermedia"
output/imagegen/parse-mantis-linear-attack-spritesheet.png,1058230,master-concept-source,exclude-first-staging,assets-source/concepts/,ASSET-CLASSIFICATION.md,"Master, concepto o export previo a normalización runtime"
output/imagegen/parse-mantis-linear-attack-transparent.png,1035498,temporary-intermediate,ignore-never-stage,,ASSET-CLASSIFICATION.md,"Fuente cromática, alpha o salida intermedia"
output/imagegen/runtime-v1/_boolean-beetle-legacy-grove-arena-source.png,2702195,temporary-intermediate,ignore-never-stage,,ASSET-CLASSIFICATION.md,"Fuente cromática, alpha o salida intermedia"
output/imagegen/runtime-v1/_boolean-beetle-legacy-grove-base-tileset-alpha-source.png,1713611,temporary-intermediate,ignore-never-stage,,ASSET-CLASSIFICATION.md,"Fuente cromática, alpha o salida intermedia"
output/imagegen/runtime-v1/_boolean-beetle-legacy-grove-base-tileset-chroma-source.png,2244103,temporary-intermediate,ignore-never-stage,,ASSET-CLASSIFICATION.md,"Fuente cromática, alpha o salida intermedia"
output/imagegen/runtime-v1/_boolean-beetle-legacy-grove-machinery-effects-alpha-source.png,1013822,temporary-intermediate,ignore-never-stage,,ASSET-CLASSIFICATION.md,"Fuente cromática, alpha o salida intermedia"
output/imagegen/runtime-v1/_boolean-beetle-legacy-grove-machinery-effects-chroma-source.png,1767126,temporary-intermediate,ignore-never-stage,,ASSET-CLASSIFICATION.md,"Fuente cromática, alpha o salida intermedia"
output/imagegen/runtime-v1/_boolean-beetle-legacy-grove-props-atlas-alpha-source.png,1342277,temporary-intermediate,ignore-never-stage,,ASSET-CLASSIFICATION.md,"Fuente cromática, alpha o salida intermedia"
output/imagegen/runtime-v1/_boolean-beetle-legacy-grove-props-atlas-chroma-source.png,1916240,temporary-intermediate,ignore-never-stage,,ASSET-CLASSIFICATION.md,"Fuente cromática, alpha o salida intermedia"
output/imagegen/runtime-v1/_boolean-beetle-legacy-memory-grove-concept-source-v1.png,2585403,temporary-intermediate,ignore-never-stage,,ASSET-CLASSIFICATION.md,"Fuente cromática, alpha o salida intermedia"
output/imagegen/runtime-v1/_bug-slayer-language-select-background-source.png,1160347,temporary-intermediate,ignore-never-stage,,ASSET-CLASSIFICATION.md,"Fuente cromática, alpha o salida intermedia"
output/imagegen/runtime-v1/_cast-hornet-aerial-router-base-tileset-alpha-source.png,2123068,temporary-intermediate,ignore-never-stage,,ASSET-CLASSIFICATION.md,"Fuente cromática, alpha o salida intermedia"
output/imagegen/runtime-v1/_cast-hornet-aerial-router-base-tileset-chroma-source.png,2495985,temporary-intermediate,ignore-never-stage,,ASSET-CLASSIFICATION.md,"Fuente cromática, alpha o salida intermedia"
output/imagegen/runtime-v1/_cast-hornet-aerial-router-complete-area-source.png,3052273,temporary-intermediate,ignore-never-stage,,ASSET-CLASSIFICATION.md,"Fuente cromática, alpha o salida intermedia"
output/imagegen/runtime-v1/_cast-hornet-aerial-router-machinery-effects-alpha-source.png,1057823,temporary-intermediate,ignore-never-stage,,ASSET-CLASSIFICATION.md,"Fuente cromática, alpha o salida intermedia"
output/imagegen/runtime-v1/_cast-hornet-aerial-router-machinery-effects-chroma-source.png,1792530,temporary-intermediate,ignore-never-stage,,ASSET-CLASSIFICATION.md,"Fuente cromática, alpha o salida intermedia"
output/imagegen/runtime-v1/_cast-hornet-aerial-router-props-atlas-alpha-source.png,1195803,temporary-intermediate,ignore-never-stage,,ASSET-CLASSIFICATION.md,"Fuente cromática, alpha o salida intermedia"
output/imagegen/runtime-v1/_cast-hornet-aerial-router-props-atlas-chroma-source.png,1836835,temporary-intermediate,ignore-never-stage,,ASSET-CLASSIFICATION.md,"Fuente cromática, alpha o salida intermedia"
output/imagegen/runtime-v1/_compilation-garden-base-tileset-alpha-source.png,1867788,temporary-intermediate,ignore-never-stage,,ASSET-CLASSIFICATION.md,"Fuente cromática, alpha o salida intermedia"
output/imagegen/runtime-v1/_compilation-garden-base-tileset-chroma-source.png,2102651,temporary-intermediate,ignore-never-stage,,ASSET-CLASSIFICATION.md,"Fuente cromática, alpha o salida intermedia"
output/imagegen/runtime-v1/_compilation-garden-linear-area-source.png,2867194,temporary-intermediate,ignore-never-stage,,ASSET-CLASSIFICATION.md,"Fuente cromática, alpha o salida intermedia"
output/imagegen/runtime-v1/_compilation-garden-machinery-effects-alpha-source.png,1007134,temporary-intermediate,ignore-never-stage,,ASSET-CLASSIFICATION.md,"Fuente cromática, alpha o salida intermedia"
output/imagegen/runtime-v1/_compilation-garden-machinery-effects-chroma-source.png,1636171,temporary-intermediate,ignore-never-stage,,ASSET-CLASSIFICATION.md,"Fuente cromática, alpha o salida intermedia"
output/imagegen/runtime-v1/_compilation-garden-props-atlas-alpha-source.png,1224353,temporary-intermediate,ignore-never-stage,,ASSET-CLASSIFICATION.md,"Fuente cromática, alpha o salida intermedia"
output/imagegen/runtime-v1/_compilation-garden-props-atlas-chroma-source.png,1816070,temporary-intermediate,ignore-never-stage,,ASSET-CLASSIFICATION.md,"Fuente cromática, alpha o salida intermedia"
output/imagegen/runtime-v1/_compilation-garden-state-1-arrival-edit-target.png,1420711,temporary-intermediate,ignore-never-stage,,ASSET-CLASSIFICATION.md,"Fuente cromática, alpha o salida intermedia"
output/imagegen/runtime-v1/_compilation-garden-state-1-arrival-reencoded.png,2825768,temporary-intermediate,ignore-never-stage,,ASSET-CLASSIFICATION.md,"Fuente cromática, alpha o salida intermedia"
output/imagegen/runtime-v1/_compilation-garden-state-1-arrival-source.png,2786355,temporary-intermediate,ignore-never-stage,,ASSET-CLASSIFICATION.md,"Fuente cromática, alpha o salida intermedia"
output/imagegen/runtime-v1/_compilation-garden-state-2-combat-edit-target.png,1379816,temporary-intermediate,ignore-never-stage,,ASSET-CLASSIFICATION.md,"Fuente cromática, alpha o salida intermedia"
output/imagegen/runtime-v1/_compilation-garden-state-2-combat-source.png,2663701,temporary-intermediate,ignore-never-stage,,ASSET-CLASSIFICATION.md,"Fuente cromática, alpha o salida intermedia"
output/imagegen/runtime-v1/_compilation-garden-state-3-victory-source-rejected.png,2518997,temporary-intermediate,ignore-never-stage,,ASSET-CLASSIFICATION.md,"Fuente cromática, alpha o salida intermedia"
output/imagegen/runtime-v1/_conversion-hive-concept-sheet-source-v1.png,2818318,temporary-intermediate,ignore-never-stage,,ASSET-CLASSIFICATION.md,"Fuente cromática, alpha o salida intermedia"
output/imagegen/runtime-v1/_conversion-hive-concept-sheet-source-v2.png,2713084,temporary-intermediate,ignore-never-stage,,ASSET-CLASSIFICATION.md,"Fuente cromática, alpha o salida intermedia"
output/imagegen/runtime-v1/_holographic-dachshund-materialize-idle-alpha-source.png,1171231,temporary-intermediate,ignore-never-stage,,ASSET-CLASSIFICATION.md,"Fuente cromática, alpha o salida intermedia"
output/imagegen/runtime-v1/_holographic-dachshund-materialize-idle-chroma-source.png,1724233,temporary-intermediate,ignore-never-stage,,ASSET-CLASSIFICATION.md,"Fuente cromática, alpha o salida intermedia"
output/imagegen/runtime-v1/_initial-office-base-tileset-alpha-source.png,1252271,temporary-intermediate,ignore-never-stage,,ASSET-CLASSIFICATION.md,"Fuente cromática, alpha o salida intermedia"
output/imagegen/runtime-v1/_initial-office-base-tileset-chroma-source.png,1449118,temporary-intermediate,ignore-never-stage,,ASSET-CLASSIFICATION.md,"Fuente cromática, alpha o salida intermedia"
output/imagegen/runtime-v1/_initial-office-dialogue-window-alpha-source.png,402584,temporary-intermediate,ignore-never-stage,,ASSET-CLASSIFICATION.md,"Fuente cromática, alpha o salida intermedia"
output/imagegen/runtime-v1/_initial-office-dialogue-window-chroma-source.png,932709,temporary-intermediate,ignore-never-stage,,ASSET-CLASSIFICATION.md,"Fuente cromática, alpha o salida intermedia"
output/imagegen/runtime-v1/_initial-office-machinery-effects-alpha-source.png,665384,temporary-intermediate,ignore-never-stage,,ASSET-CLASSIFICATION.md,"Fuente cromática, alpha o salida intermedia"
output/imagegen/runtime-v1/_initial-office-machinery-effects-chroma-source.png,1241084,temporary-intermediate,ignore-never-stage,,ASSET-CLASSIFICATION.md,"Fuente cromática, alpha o salida intermedia"
output/imagegen/runtime-v1/_initial-office-props-atlas-alpha-source.png,787090,temporary-intermediate,ignore-never-stage,,ASSET-CLASSIFICATION.md,"Fuente cromática, alpha o salida intermedia"
output/imagegen/runtime-v1/_initial-office-props-atlas-chroma-source.png,1318348,temporary-intermediate,ignore-never-stage,,ASSET-CLASSIFICATION.md,"Fuente cromática, alpha o salida intermedia"
output/imagegen/runtime-v1/_initial-office-state-1-source.png,1818729,temporary-intermediate,ignore-never-stage,,ASSET-CLASSIFICATION.md,"Fuente cromática, alpha o salida intermedia"
output/imagegen/runtime-v1/_initial-office-state-2-source.png,1846423,temporary-intermediate,ignore-never-stage,,ASSET-CLASSIFICATION.md,"Fuente cromática, alpha o salida intermedia"
output/imagegen/runtime-v1/_initial-office-state-3-source.png,1800677,temporary-intermediate,ignore-never-stage,,ASSET-CLASSIFICATION.md,"Fuente cromática, alpha o salida intermedia"
output/imagegen/runtime-v1/_initial-office-state-dialogue-v2-source.png,1811247,temporary-intermediate,ignore-never-stage,,ASSET-CLASSIFICATION.md,"Fuente cromática, alpha o salida intermedia"
output/imagegen/runtime-v1/_initial-office-state-hologram-v2-source.png,1876576,temporary-intermediate,ignore-never-stage,,ASSET-CLASSIFICATION.md,"Fuente cromática, alpha o salida intermedia"
output/imagegen/runtime-v1/_initial-office-state-loading-v2-source.png,1775284,temporary-intermediate,ignore-never-stage,,ASSET-CLASSIFICATION.md,"Fuente cromática, alpha o salida intermedia"
output/imagegen/runtime-v1/_initial-office-state-movement-v2-source.png,1795652,temporary-intermediate,ignore-never-stage,,ASSET-CLASSIFICATION.md,"Fuente cromática, alpha o salida intermedia"
output/imagegen/runtime-v1/_mutable-widow-lair-base-tileset-alpha-source.png,2099487,temporary-intermediate,ignore-never-stage,,ASSET-CLASSIFICATION.md,"Fuente cromática, alpha o salida intermedia"
output/imagegen/runtime-v1/_mutable-widow-lair-base-tileset-chroma-source.png,2396487,temporary-intermediate,ignore-never-stage,,ASSET-CLASSIFICATION.md,"Fuente cromática, alpha o salida intermedia"
output/imagegen/runtime-v1/_mutable-widow-lair-complete-area-source.png,1953070,temporary-intermediate,ignore-never-stage,,ASSET-CLASSIFICATION.md,"Fuente cromática, alpha o salida intermedia"
output/imagegen/runtime-v1/_mutable-widow-lair-machinery-effects-alpha-source.png,1345871,temporary-intermediate,ignore-never-stage,,ASSET-CLASSIFICATION.md,"Fuente cromática, alpha o salida intermedia"
output/imagegen/runtime-v1/_mutable-widow-lair-machinery-effects-chroma-source.png,1951371,temporary-intermediate,ignore-never-stage,,ASSET-CLASSIFICATION.md,"Fuente cromática, alpha o salida intermedia"
output/imagegen/runtime-v1/_mutable-widow-lair-props-atlas-alpha-source.png,1349571,temporary-intermediate,ignore-never-stage,,ASSET-CLASSIFICATION.md,"Fuente cromática, alpha o salida intermedia"
output/imagegen/runtime-v1/_mutable-widow-lair-props-atlas-chroma-source.png,1912520,temporary-intermediate,ignore-never-stage,,ASSET-CLASSIFICATION.md,"Fuente cromática, alpha o salida intermedia"
output/imagegen/runtime-v1/_mycelial-corruption-progressive-atlas-chroma-source.png,1771817,temporary-intermediate,ignore-never-stage,,ASSET-CLASSIFICATION.md,"Fuente cromática, alpha o salida intermedia"
output/imagegen/runtime-v1/_senior-engineer-seated-narrative-alpha-source.png,1336708,temporary-intermediate,ignore-never-stage,,ASSET-CLASSIFICATION.md,"Fuente cromática, alpha o salida intermedia"
output/imagegen/runtime-v1/_senior-engineer-seated-narrative-chroma-source.png,1803913,temporary-intermediate,ignore-never-stage,,ASSET-CLASSIFICATION.md,"Fuente cromática, alpha o salida intermedia"
output/imagegen/runtime-v1/_senior-engineer-wake-stand-alpha-source.png,786584,temporary-intermediate,ignore-never-stage,,ASSET-CLASSIFICATION.md,"Fuente cromática, alpha o salida intermedia"
output/imagegen/runtime-v1/_senior-engineer-wake-stand-chroma-source.png,1472100,temporary-intermediate,ignore-never-stage,,ASSET-CLASSIFICATION.md,"Fuente cromática, alpha o salida intermedia"
output/imagegen/runtime-v1/boolean-beetle-boolean-burst-impact-runtime-v1.png,7171,runtime-approved,stage-runtime,game/public/assets/projectiles/,output/imagegen/runtime-v1/boolean-beetle-boolean-burst-impact-runtime-v1.md,PNG runtime normalizado; conservar nombre hasta AssetManifest
output/imagegen/runtime-v1/boolean-beetle-boolean-burst-projectiles-runtime-v1.png,9934,runtime-approved,stage-runtime,game/public/assets/projectiles/,output/imagegen/runtime-v1/boolean-beetle-boolean-burst-projectiles-runtime-v1.md,PNG runtime normalizado; conservar nombre hasta AssetManifest
output/imagegen/runtime-v1/boolean-beetle-boolean-burst-runtime-v1.png,232361,runtime-approved,stage-runtime,game/public/assets/sprites/enemies/,output/imagegen/runtime-v1/boolean-beetle-boolean-burst-runtime-v1.md,PNG runtime normalizado; conservar nombre hasta AssetManifest
output/imagegen/runtime-v1/boolean-beetle-branch-charge-runtime-v1.png,196841,runtime-approved,stage-runtime,game/public/assets/sprites/enemies/,output/imagegen/runtime-v1/boolean-beetle-branch-charge-runtime-v1.md,PNG runtime normalizado; conservar nombre hasta AssetManifest
output/imagegen/runtime-v1/boolean-beetle-damage-runtime-v1.png,199204,runtime-approved,stage-runtime,game/public/assets/sprites/enemies/,output/imagegen/runtime-v1/boolean-beetle-damage-runtime-v1.md,PNG runtime normalizado; conservar nombre hasta AssetManifest
output/imagegen/runtime-v1/boolean-beetle-defeat-runtime-v1.png,184905,runtime-approved,stage-runtime,game/public/assets/sprites/enemies/,output/imagegen/runtime-v1/boolean-beetle-defeat-runtime-v1.md,PNG runtime normalizado; conservar nombre hasta AssetManifest
output/imagegen/runtime-v1/boolean-beetle-false-path-decoy-routes-runtime-v1.png,2261,runtime-approved,stage-runtime,game/public/assets/sprites/enemies/,output/imagegen/runtime-v1/boolean-beetle-false-path-decoy-routes-runtime-v1.md,PNG runtime normalizado; conservar nombre hasta AssetManifest
output/imagegen/runtime-v1/boolean-beetle-false-path-impact-runtime-v1.png,10285,runtime-approved,stage-runtime,game/public/assets/projectiles/,output/imagegen/runtime-v1/boolean-beetle-false-path-impact-runtime-v1.md,PNG runtime normalizado; conservar nombre hasta AssetManifest
output/imagegen/runtime-v1/boolean-beetle-false-path-projectiles-runtime-v1.png,18718,runtime-approved,stage-runtime,game/public/assets/projectiles/,output/imagegen/runtime-v1/boolean-beetle-false-path-projectiles-runtime-v1.md,PNG runtime normalizado; conservar nombre hasta AssetManifest
output/imagegen/runtime-v1/boolean-beetle-false-path-runtime-v1.png,235579,runtime-approved,stage-runtime,game/public/assets/sprites/enemies/,output/imagegen/runtime-v1/boolean-beetle-false-path-runtime-v1.md,PNG runtime normalizado; conservar nombre hasta AssetManifest
output/imagegen/runtime-v1/boolean-beetle-heavy-movement-runtime-v1.png,207295,runtime-approved,stage-runtime,game/public/assets/sprites/enemies/,output/imagegen/runtime-v1/boolean-beetle-heavy-movement-runtime-v1.md,PNG runtime normalizado; conservar nombre hasta AssetManifest
output/imagegen/runtime-v1/boolean-beetle-idle-runtime-v1.png,202243,runtime-approved,stage-runtime,game/public/assets/sprites/enemies/,output/imagegen/runtime-v1/boolean-beetle-idle-runtime-v1.md,PNG runtime normalizado; conservar nombre hasta AssetManifest
output/imagegen/runtime-v1/boolean-beetle-infected-idle-runtime-v1.png,220892,runtime-approved,stage-runtime,game/public/assets/sprites/enemies/,output/imagegen/runtime-v1/boolean-beetle-infected-idle-runtime-v1.md,PNG runtime normalizado; conservar nombre hasta AssetManifest
output/imagegen/runtime-v1/boolean-beetle-infection-reactivation-runtime-v1.png,97111,runtime-approved,stage-runtime,game/public/assets/sprites/enemies/,output/imagegen/runtime-v1/boolean-beetle-infection-reactivation-runtime-v1.md,PNG runtime normalizado; conservar nombre hasta AssetManifest
output/imagegen/runtime-v1/boolean-beetle-legacy-grove-arena-runtime-v1.png,1134394,validation-reference,exclude-runtime,assets-source/validation/,ASSET-CLASSIFICATION.md,"Composición, preview o guía; no se carga directamente"
output/imagegen/runtime-v1/boolean-beetle-legacy-grove-base-tileset-runtime-v1.png,120273,runtime-approved,stage-runtime,game/public/assets/tilesets/,output/imagegen/runtime-v1/boolean-beetle-legacy-grove-base-tileset-runtime-v1.md,PNG runtime normalizado; conservar nombre hasta AssetManifest
output/imagegen/runtime-v1/boolean-beetle-legacy-grove-machinery-effects-runtime-v1.png,83897,runtime-approved,stage-runtime,game/public/assets/effects/environment/,output/imagegen/runtime-v1/boolean-beetle-legacy-grove-machinery-effects-runtime-v1.md,PNG runtime normalizado; conservar nombre hasta AssetManifest
output/imagegen/runtime-v1/boolean-beetle-legacy-grove-props-atlas-runtime-v1.png,86274,runtime-approved,stage-runtime,game/public/assets/tilesets/props/,output/imagegen/runtime-v1/boolean-beetle-legacy-grove-props-atlas-runtime-v1.md,PNG runtime normalizado; conservar nombre hasta AssetManifest
output/imagegen/runtime-v1/boolean-beetle-legacy-grove-state-1-arrival-runtime-v1.png,1135777,validation-reference,exclude-runtime,assets-source/validation/,ASSET-CLASSIFICATION.md,"Composición, preview o guía; no se carga directamente"
output/imagegen/runtime-v1/boolean-beetle-legacy-grove-state-2-sub-boss-runtime-v1.png,1139420,validation-reference,exclude-runtime,assets-source/validation/,ASSET-CLASSIFICATION.md,"Composición, preview o guía; no se carga directamente"
output/imagegen/runtime-v1/boolean-beetle-legacy-grove-state-3-cleared-runtime-v1.png,1139337,validation-reference,exclude-runtime,assets-source/validation/,ASSET-CLASSIFICATION.md,"Composición, preview o guía; no se carga directamente"
output/imagegen/runtime-v1/boolean-beetle-legacy-grove-three-states-comparison-runtime-v1.png,343921,validation-reference,exclude-runtime,assets-source/validation/,ASSET-CLASSIFICATION.md,"Composición, preview o guía; no se carga directamente"
output/imagegen/runtime-v1/boolean-beetle-legacy-memory-grove-concept-sheet-runtime-v1.png,1022447,superseded-rejected,exclude-from-baseline,,output/imagegen/runtime-v1/boolean-beetle-legacy-memory-grove-concept-sheet-runtime-v1.md,Reemplazado o incompatible con el alcance vigente
output/imagegen/runtime-v1/boolean-beetle-legacy-memory-grove-concept-sheet-runtime-v2.png,1026455,validation-reference,exclude-runtime,assets-source/validation/,output/imagegen/runtime-v1/boolean-beetle-legacy-memory-grove-concept-sheet-runtime-v2.md,"Composición, preview o guía; no se carga directamente"
output/imagegen/runtime-v1/boolean-beetle-preboss-arena-environment-concept-v1.png,1420711,validation-reference,exclude-runtime,assets-source/validation/,ASSET-CLASSIFICATION.md,"Composición, preview o guía; no se carga directamente"
output/imagegen/runtime-v1/boolean-beetle-xor-crossfire-impact-runtime-v1.png,12292,runtime-approved,stage-runtime,game/public/assets/projectiles/,output/imagegen/runtime-v1/boolean-beetle-xor-crossfire-impact-runtime-v1.md,PNG runtime normalizado; conservar nombre hasta AssetManifest
output/imagegen/runtime-v1/boolean-beetle-xor-crossfire-projectiles-runtime-v1.png,8976,runtime-approved,stage-runtime,game/public/assets/projectiles/,output/imagegen/runtime-v1/boolean-beetle-xor-crossfire-projectiles-runtime-v1.md,PNG runtime normalizado; conservar nombre hasta AssetManifest
output/imagegen/runtime-v1/boolean-beetle-xor-crossfire-runtime-v1.png,227977,runtime-approved,stage-runtime,game/public/assets/sprites/enemies/,output/imagegen/runtime-v1/boolean-beetle-xor-crossfire-runtime-v1.md,PNG runtime normalizado; conservar nombre hasta AssetManifest
output/imagegen/runtime-v1/bug-slayer-boot-menu-intro-bilingual-comparison-runtime-v1.png,274498,validation-reference,exclude-runtime,assets-source/validation/,ASSET-CLASSIFICATION.md,"Composición, preview o guía; no se carga directamente"
output/imagegen/runtime-v1/bug-slayer-boot-screen-runtime-v1.png,440167,runtime-approved,stage-runtime,game/public/assets/ui/,ASSET-CLASSIFICATION.md,PNG runtime normalizado; conservar nombre hasta AssetManifest
output/imagegen/runtime-v1/bug-slayer-challenge-multiple-choice-panel-runtime-v1.png,1359,runtime-approved,stage-runtime,game/public/assets/ui/,ASSET-CLASSIFICATION.md,PNG runtime normalizado; conservar nombre hasta AssetManifest
output/imagegen/runtime-v1/bug-slayer-challenge-multiple-choice-preview-en-runtime-v1.png,785980,validation-reference,exclude-runtime,assets-source/validation/,ASSET-CLASSIFICATION.md,"Composición, preview o guía; no se carga directamente"
output/imagegen/runtime-v1/bug-slayer-challenge-multiple-choice-preview-es-runtime-v1.png,786945,validation-reference,exclude-runtime,assets-source/validation/,ASSET-CLASSIFICATION.md,"Composición, preview o guía; no se carga directamente"
output/imagegen/runtime-v1/bug-slayer-challenge-typed-panel-runtime-v1.png,1179,runtime-approved,stage-runtime,game/public/assets/ui/,ASSET-CLASSIFICATION.md,PNG runtime normalizado; conservar nombre hasta AssetManifest
output/imagegen/runtime-v1/bug-slayer-challenge-typed-preview-en-runtime-v1.png,817126,validation-reference,exclude-runtime,assets-source/validation/,ASSET-CLASSIFICATION.md,"Composición, preview o guía; no se carga directamente"
output/imagegen/runtime-v1/bug-slayer-challenge-typed-preview-es-runtime-v1.png,817545,validation-reference,exclude-runtime,assets-source/validation/,ASSET-CLASSIFICATION.md,"Composición, preview o guía; no se carga directamente"
output/imagegen/runtime-v1/bug-slayer-challenge-variants-bilingual-comparison-runtime-v1.png,499024,validation-reference,exclude-runtime,assets-source/validation/,ASSET-CLASSIFICATION.md,"Composición, preview o guía; no se carga directamente"
output/imagegen/runtime-v1/bug-slayer-combat-hud-bilingual-comparison-runtime-v1.png,295175,validation-reference,exclude-runtime,assets-source/validation/,ASSET-CLASSIFICATION.md,"Composición, preview o guía; no se carga directamente"
output/imagegen/runtime-v1/bug-slayer-combat-hud-kit-runtime-v1.png,2307,runtime-approved,stage-runtime,game/public/assets/ui/,output/imagegen/runtime-v1/bug-slayer-combat-hud-kit-runtime-v1.md,PNG runtime normalizado; conservar nombre hasta AssetManifest
output/imagegen/runtime-v1/bug-slayer-combat-hud-preview-en-runtime-v1.png,982951,validation-reference,exclude-runtime,assets-source/validation/,ASSET-CLASSIFICATION.md,"Composición, preview o guía; no se carga directamente"
output/imagegen/runtime-v1/bug-slayer-combat-hud-preview-es-runtime-v1.png,982882,validation-reference,exclude-runtime,assets-source/validation/,ASSET-CLASSIFICATION.md,"Composición, preview o guía; no se carga directamente"
output/imagegen/runtime-v1/bug-slayer-defeat-preview-en-runtime-v1.png,446184,validation-reference,exclude-runtime,assets-source/validation/,ASSET-CLASSIFICATION.md,"Composición, preview o guía; no se carga directamente"
output/imagegen/runtime-v1/bug-slayer-defeat-preview-es-runtime-v1.png,448583,validation-reference,exclude-runtime,assets-source/validation/,ASSET-CLASSIFICATION.md,"Composición, preview o guía; no se carga directamente"
output/imagegen/runtime-v1/bug-slayer-demo-end-card-runtime-v1.png,131176,runtime-approved,stage-runtime,game/public/assets/ui/,ASSET-CLASSIFICATION.md,PNG runtime normalizado; conservar nombre hasta AssetManifest
output/imagegen/runtime-v1/bug-slayer-demo-ending-comparison-runtime-v1.png,814665,validation-reference,exclude-runtime,assets-source/validation/,ASSET-CLASSIFICATION.md,"Composición, preview o guía; no se carga directamente"
output/imagegen/runtime-v1/bug-slayer-encounter-transition-preview-en-runtime-v1.png,685237,validation-reference,exclude-runtime,assets-source/validation/,ASSET-CLASSIFICATION.md,"Composición, preview o guía; no se carga directamente"
output/imagegen/runtime-v1/bug-slayer-encounter-transition-preview-es-runtime-v1.png,684984,validation-reference,exclude-runtime,assets-source/validation/,ASSET-CLASSIFICATION.md,"Composición, preview o guía; no se carga directamente"
output/imagegen/runtime-v1/bug-slayer-geist-pixel-typography-validation-runtime-v1.png,1463494,validation-reference,exclude-runtime,assets-source/validation/,output/imagegen/runtime-v1/bug-slayer-geist-pixel-typography-validation-runtime-v1.md,"Composición, preview o guía; no se carga directamente"
output/imagegen/runtime-v1/bug-slayer-intro-panel-frame-runtime-v1.png,1176,runtime-approved,stage-runtime,game/public/assets/ui/,ASSET-CLASSIFICATION.md,PNG runtime normalizado; conservar nombre hasta AssetManifest
output/imagegen/runtime-v1/bug-slayer-intro-preview-en-runtime-v1.png,236858,validation-reference,exclude-runtime,assets-source/validation/,ASSET-CLASSIFICATION.md,"Composición, preview o guía; no se carga directamente"
output/imagegen/runtime-v1/bug-slayer-intro-preview-es-runtime-v1.png,238262,validation-reference,exclude-runtime,assets-source/validation/,ASSET-CLASSIFICATION.md,"Composición, preview o guía; no se carga directamente"
output/imagegen/runtime-v1/bug-slayer-language-select-background-runtime-v1.png,536410,runtime-approved,stage-runtime,game/public/assets/ui/,ASSET-CLASSIFICATION.md,PNG runtime normalizado; conservar nombre hasta AssetManifest
output/imagegen/runtime-v1/bug-slayer-language-select-button-states-runtime-v1.png,1065,runtime-approved,stage-runtime,game/public/assets/ui/,ASSET-CLASSIFICATION.md,PNG runtime normalizado; conservar nombre hasta AssetManifest
output/imagegen/runtime-v1/bug-slayer-language-select-four-states-comparison-runtime-v1.png,185075,validation-reference,exclude-runtime,assets-source/validation/,ASSET-CLASSIFICATION.md,"Composición, preview o guía; no se carga directamente"
output/imagegen/runtime-v1/bug-slayer-language-select-preview-confirmed-runtime-v1.png,525371,validation-reference,exclude-runtime,assets-source/validation/,ASSET-CLASSIFICATION.md,"Composición, preview o guía; no se carga directamente"
output/imagegen/runtime-v1/bug-slayer-language-select-preview-en-focus-runtime-v1.png,525643,validation-reference,exclude-runtime,assets-source/validation/,ASSET-CLASSIFICATION.md,"Composición, preview o guía; no se carga directamente"
output/imagegen/runtime-v1/bug-slayer-language-select-preview-es-focus-runtime-v1.png,525714,validation-reference,exclude-runtime,assets-source/validation/,ASSET-CLASSIFICATION.md,"Composición, preview o guía; no se carga directamente"
output/imagegen/runtime-v1/bug-slayer-language-select-preview-neutral-runtime-v1.png,524625,validation-reference,exclude-runtime,assets-source/validation/,ASSET-CLASSIFICATION.md,"Composición, preview o guía; no se carga directamente"
output/imagegen/runtime-v1/bug-slayer-main-menu-background-runtime-v1.png,442193,runtime-approved,stage-runtime,game/public/assets/ui/,ASSET-CLASSIFICATION.md,PNG runtime normalizado; conservar nombre hasta AssetManifest
output/imagegen/runtime-v1/bug-slayer-main-menu-preview-en-runtime-v1.png,447769,validation-reference,exclude-runtime,assets-source/validation/,ASSET-CLASSIFICATION.md,"Composición, preview o guía; no se carga directamente"
output/imagegen/runtime-v1/bug-slayer-main-menu-preview-es-runtime-v1.png,449144,validation-reference,exclude-runtime,assets-source/validation/,ASSET-CLASSIFICATION.md,"Composición, preview o guía; no se carga directamente"
output/imagegen/runtime-v1/bug-slayer-pause-bilingual-comparison-runtime-v1.png,185775,validation-reference,exclude-runtime,assets-source/validation/,ASSET-CLASSIFICATION.md,"Composición, preview o guía; no se carga directamente"
output/imagegen/runtime-v1/bug-slayer-pause-menu-frame-runtime-v1.png,1684,runtime-approved,stage-runtime,game/public/assets/ui/,ASSET-CLASSIFICATION.md,PNG runtime normalizado; conservar nombre hasta AssetManifest
output/imagegen/runtime-v1/bug-slayer-pause-preview-en-runtime-v1.png,570443,validation-reference,exclude-runtime,assets-source/validation/,ASSET-CLASSIFICATION.md,"Composición, preview o guía; no se carga directamente"
output/imagegen/runtime-v1/bug-slayer-pause-preview-es-runtime-v1.png,571173,validation-reference,exclude-runtime,assets-source/validation/,ASSET-CLASSIFICATION.md,"Composición, preview o guía; no se carga directamente"
output/imagegen/runtime-v1/bug-slayer-results-bilingual-comparison-runtime-v1.png,169579,validation-reference,exclude-runtime,assets-source/validation/,ASSET-CLASSIFICATION.md,"Composición, preview o guía; no se carga directamente"
output/imagegen/runtime-v1/bug-slayer-results-panels-runtime-v1.png,3696,runtime-approved,stage-runtime,game/public/assets/ui/,output/imagegen/runtime-v1/bug-slayer-results-panels-runtime-v1.md,"Consumir únicamente la celda de derrota; la celda de victoria queda sin registrar"
output/imagegen/runtime-v1/bug-slayer-tutorial-preview-en-runtime-v1.png,957701,validation-reference,exclude-runtime,assets-source/validation/,ASSET-CLASSIFICATION.md,"Composición, preview o guía; no se carga directamente"
output/imagegen/runtime-v1/bug-slayer-tutorial-preview-es-runtime-v1.png,957499,validation-reference,exclude-runtime,assets-source/validation/,ASSET-CLASSIFICATION.md,"Composición, preview o guía; no se carga directamente"
output/imagegen/runtime-v1/bug-slayer-tutorial-transition-bilingual-comparison-runtime-v1.png,511522,validation-reference,exclude-runtime,assets-source/validation/,ASSET-CLASSIFICATION.md,"Composición, preview o guía; no se carga directamente"
output/imagegen/runtime-v1/bug-slayer-tutorial-transition-kit-runtime-v1.png,1860,runtime-approved,stage-runtime,game/public/assets/ui/,ASSET-CLASSIFICATION.md,PNG runtime normalizado; conservar nombre hasta AssetManifest
output/imagegen/runtime-v1/bug-slayer-ui-cross-screen-continuity-runtime-v1.png,1945906,validation-reference,exclude-runtime,assets-source/validation/,output/imagegen/runtime-v1/bug-slayer-ui-cross-screen-continuity-runtime-v1.md,"Composición de continuidad; no se carga directamente"
output/imagegen/runtime-v1/bug-slayer-ui-feedback-animations-runtime-v1.png,172307,runtime-approved,stage-runtime,game/public/assets/ui/,output/imagegen/runtime-v1/bug-slayer-ui-feedback-animations-runtime-v1.md,PNG runtime normalizado; conservar nombre hasta AssetManifest
output/imagegen/runtime-v1/bug-slayer-ui-icons-runtime-v1.png,292263,runtime-approved,stage-runtime,game/public/assets/ui/,output/imagegen/runtime-v1/bug-slayer-ui-icons-runtime-v1.md,PNG runtime normalizado; conservar nombre hasta AssetManifest
output/imagegen/runtime-v1/bug-slayer-ui-runtime-validation-overview-v1.png,970228,validation-reference,exclude-runtime,assets-source/validation/,ASSET-CLASSIFICATION.md,"Composición, preview o guía; no se carga directamente"
output/imagegen/runtime-v1/bug-slayer-victory-preview-en-runtime-v1.png,445967,superseded-rejected,exclude-from-baseline,,ASSET-CLASSIFICATION.md,Reemplazado o incompatible con el alcance vigente
output/imagegen/runtime-v1/bug-slayer-victory-preview-es-runtime-v1.png,446759,superseded-rejected,exclude-from-baseline,,ASSET-CLASSIFICATION.md,Reemplazado o incompatible con el alcance vigente
output/imagegen/runtime-v1/cast-hornet-aerial-router-base-tileset-runtime-v1.png,126494,runtime-approved,stage-runtime,game/public/assets/tilesets/,output/imagegen/runtime-v1/cast-hornet-aerial-router-base-tileset-runtime-v1.md,PNG runtime normalizado; conservar nombre hasta AssetManifest
output/imagegen/runtime-v1/cast-hornet-aerial-router-complete-area-runtime-v1.png,3597681,validation-reference,exclude-runtime,assets-source/validation/,ASSET-CLASSIFICATION.md,"Composición, preview o guía; no se carga directamente"
output/imagegen/runtime-v1/cast-hornet-aerial-router-machinery-effects-runtime-v1.png,108697,runtime-approved,stage-runtime,game/public/assets/effects/environment/,output/imagegen/runtime-v1/cast-hornet-aerial-router-machinery-effects-runtime-v1.md,PNG runtime normalizado; conservar nombre hasta AssetManifest
output/imagegen/runtime-v1/cast-hornet-aerial-router-props-atlas-runtime-v1.png,91292,runtime-approved,stage-runtime,game/public/assets/tilesets/props/,output/imagegen/runtime-v1/cast-hornet-aerial-router-props-atlas-runtime-v1.md,PNG runtime normalizado; conservar nombre hasta AssetManifest
output/imagegen/runtime-v1/cast-hornet-aerial-router-state-1-exploration-runtime-v1.png,3601251,validation-reference,exclude-runtime,assets-source/validation/,ASSET-CLASSIFICATION.md,"Composición, preview o guía; no se carga directamente"
output/imagegen/runtime-v1/cast-hornet-aerial-router-state-2-swarm-encounter-runtime-v1.png,3609265,validation-reference,exclude-runtime,assets-source/validation/,ASSET-CLASSIFICATION.md,"Composición, preview o guía; no se carga directamente"
output/imagegen/runtime-v1/cast-hornet-aerial-router-state-3-cleared-runtime-v1.png,3606003,validation-reference,exclude-runtime,assets-source/validation/,ASSET-CLASSIFICATION.md,"Composición, preview o guía; no se carga directamente"
output/imagegen/runtime-v1/cast-hornet-aerial-router-three-states-comparison-runtime-v1.png,352605,validation-reference,exclude-runtime,assets-source/validation/,ASSET-CLASSIFICATION.md,"Composición, preview o guía; no se carga directamente"
output/imagegen/runtime-v1/cast-hornet-casting-swarm-impact-runtime-v1.png,6873,runtime-approved,stage-runtime,game/public/assets/projectiles/,output/imagegen/runtime-v1/cast-hornet-casting-swarm-impact-runtime-v1.md,PNG runtime normalizado; conservar nombre hasta AssetManifest
output/imagegen/runtime-v1/cast-hornet-casting-swarm-projectiles-runtime-v1.png,3416,runtime-approved,stage-runtime,game/public/assets/projectiles/,output/imagegen/runtime-v1/cast-hornet-casting-swarm-projectiles-runtime-v1.md,PNG runtime normalizado; conservar nombre hasta AssetManifest
output/imagegen/runtime-v1/cast-hornet-casting-swarm-runtime-v1.png,86700,runtime-approved,stage-runtime,game/public/assets/sprites/enemies/,output/imagegen/runtime-v1/cast-hornet-casting-swarm-runtime-v1.md,PNG runtime normalizado; conservar nombre hasta AssetManifest
output/imagegen/runtime-v1/cast-hornet-damage-runtime-v1.png,133636,runtime-approved,stage-runtime,game/public/assets/sprites/enemies/,output/imagegen/runtime-v1/cast-hornet-damage-runtime-v1.md,PNG runtime normalizado; conservar nombre hasta AssetManifest
output/imagegen/runtime-v1/cast-hornet-defeat-runtime-v1.png,99030,runtime-approved,stage-runtime,game/public/assets/sprites/enemies/,output/imagegen/runtime-v1/cast-hornet-defeat-runtime-v1.md,PNG runtime normalizado; conservar nombre hasta AssetManifest
output/imagegen/runtime-v1/cast-hornet-flight-runtime-v1.png,128785,runtime-approved,stage-runtime,game/public/assets/sprites/enemies/,output/imagegen/runtime-v1/cast-hornet-flight-runtime-v1.md,PNG runtime normalizado; conservar nombre hasta AssetManifest
output/imagegen/runtime-v1/cast-hornet-idle-runtime-v1.png,125211,runtime-approved,stage-runtime,game/public/assets/sprites/enemies/,output/imagegen/runtime-v1/cast-hornet-idle-runtime-v1.md,PNG runtime normalizado; conservar nombre hasta AssetManifest
output/imagegen/runtime-v1/cast-hornet-infected-idle-runtime-v1.png,124932,runtime-approved,stage-runtime,game/public/assets/sprites/enemies/,output/imagegen/runtime-v1/cast-hornet-infected-idle-runtime-v1.md,PNG runtime normalizado; conservar nombre hasta AssetManifest
output/imagegen/runtime-v1/cast-hornet-mismatch-dive-runtime-v1.png,111462,runtime-approved,stage-runtime,game/public/assets/sprites/enemies/,output/imagegen/runtime-v1/cast-hornet-mismatch-dive-runtime-v1.md,PNG runtime normalizado; conservar nombre hasta AssetManifest
output/imagegen/runtime-v1/cast-hornet-type-shift-runtime-v1.png,48170,runtime-approved,stage-runtime,game/public/assets/sprites/enemies/,output/imagegen/runtime-v1/cast-hornet-type-shift-runtime-v1.md,PNG runtime normalizado; conservar nombre hasta AssetManifest
output/imagegen/runtime-v1/cast-hornet-type-sting-runtime-v1.png,117499,runtime-approved,stage-runtime,game/public/assets/sprites/enemies/,output/imagegen/runtime-v1/cast-hornet-type-sting-runtime-v1.md,PNG runtime normalizado; conservar nombre hasta AssetManifest
output/imagegen/runtime-v1/compilation-garden-base-tileset-runtime-v1.png,134499,runtime-approved,stage-runtime,game/public/assets/tilesets/,output/imagegen/runtime-v1/compilation-garden-base-tileset-runtime-v1.md,PNG runtime normalizado; conservar nombre hasta AssetManifest
output/imagegen/runtime-v1/compilation-garden-linear-area-runtime-v1.png,1069533,validation-reference,exclude-runtime,assets-source/validation/,output/imagegen/runtime-v1/compilation-garden-linear-area-runtime-v1.md,"Composición, preview o guía; no se carga directamente"
output/imagegen/runtime-v1/compilation-garden-machinery-effects-runtime-v1.png,99703,runtime-approved,stage-runtime,game/public/assets/effects/environment/,output/imagegen/runtime-v1/compilation-garden-machinery-effects-runtime-v1.md,PNG runtime normalizado; conservar nombre hasta AssetManifest
output/imagegen/runtime-v1/compilation-garden-props-atlas-runtime-v1.png,88674,runtime-approved,stage-runtime,game/public/assets/tilesets/props/,output/imagegen/runtime-v1/compilation-garden-props-atlas-runtime-v1.md,PNG runtime normalizado; conservar nombre hasta AssetManifest
output/imagegen/runtime-v1/compilation-garden-scale-validation-runtime-v1.png,1072333,superseded-rejected,exclude-from-baseline,,output/imagegen/runtime-v1/compilation-garden-scale-validation-runtime-v1.md,Reemplazado o incompatible con el alcance vigente
output/imagegen/runtime-v1/compilation-garden-scale-validation-runtime-v2.png,1071639,superseded-rejected,exclude-from-baseline,,output/imagegen/runtime-v1/compilation-garden-scale-validation-runtime-v2.md,Reemplazado o incompatible con el alcance vigente
output/imagegen/runtime-v1/compilation-garden-scale-validation-runtime-v3.png,1071706,validation-reference,exclude-runtime,assets-source/validation/,output/imagegen/runtime-v1/compilation-garden-scale-validation-runtime-v3.md,"Composición, preview o guía; no se carga directamente"
output/imagegen/runtime-v1/compilation-garden-state-1-arrival-runtime-v1.png,1070308,validation-reference,exclude-runtime,assets-source/validation/,ASSET-CLASSIFICATION.md,"Composición, preview o guía; no se carga directamente"
output/imagegen/runtime-v1/compilation-garden-state-2-encounter-runtime-v1.png,1072713,validation-reference,exclude-runtime,assets-source/validation/,ASSET-CLASSIFICATION.md,"Composición, preview o guía; no se carga directamente"
output/imagegen/runtime-v1/compilation-garden-state-3-victory-runtime-v1.png,1074350,validation-reference,exclude-runtime,assets-source/validation/,ASSET-CLASSIFICATION.md,"Composición, preview o guía; no se carga directamente"
output/imagegen/runtime-v1/compilation-garden-three-states-comparison-runtime-v1.png,312466,validation-reference,exclude-runtime,assets-source/validation/,ASSET-CLASSIFICATION.md,"Composición, preview o guía; no se carga directamente"
output/imagegen/runtime-v1/conversion-hive-concept-sheet-runtime-v1.png,1096625,superseded-rejected,exclude-from-baseline,,output/imagegen/runtime-v1/conversion-hive-concept-sheet-runtime-v1.md,Reemplazado o incompatible con el alcance vigente
output/imagegen/runtime-v1/conversion-hive-concept-sheet-runtime-v2.png,1067383,validation-reference,exclude-runtime,assets-source/validation/,output/imagegen/runtime-v1/conversion-hive-concept-sheet-runtime-v2.md,"Composición, preview o guía; no se carga directamente"
output/imagegen/runtime-v1/holographic-dachshund-materialize-idle-runtime-v1.png,42644,runtime-approved,stage-runtime,game/public/assets/sprites/v4lk/,output/imagegen/runtime-v1/holographic-dachshund-materialize-idle-runtime-v1.md,PNG runtime normalizado; conservar nombre hasta AssetManifest
output/imagegen/runtime-v1/infected-minion-summon-runtime-v1.png,58796,runtime-approved,stage-runtime,game/public/assets/projectiles/,output/imagegen/runtime-v1/infected-minion-summon-runtime-v1.md,PNG runtime normalizado; conservar nombre hasta AssetManifest
output/imagegen/runtime-v1/initial-office-base-tileset-runtime-v1.png,72853,runtime-approved,stage-runtime,game/public/assets/tilesets/,output/imagegen/runtime-v1/initial-office-base-tileset-runtime-v1.md,PNG runtime normalizado; conservar nombre hasta AssetManifest
output/imagegen/runtime-v1/initial-office-dialogue-message-runtime-v1.png,33905,validation-reference,exclude-runtime,assets-source/validation/,ASSET-CLASSIFICATION.md,"Composición, preview o guía; no se carga directamente"
output/imagegen/runtime-v1/initial-office-dialogue-window-runtime-v1.png,92000,runtime-approved,stage-runtime,game/public/assets/effects/,output/imagegen/runtime-v1/initial-office-dialogue-window-runtime-v1.md,PNG runtime normalizado; conservar nombre hasta AssetManifest
output/imagegen/runtime-v1/initial-office-machinery-effects-runtime-v1.png,42757,runtime-approved,stage-runtime,game/public/assets/effects/environment/,output/imagegen/runtime-v1/initial-office-machinery-effects-runtime-v1.md,PNG runtime normalizado; conservar nombre hasta AssetManifest
output/imagegen/runtime-v1/initial-office-narrative-four-states-composition-runtime-v2.png,1016618,validation-reference,exclude-runtime,assets-source/validation/,output/imagegen/runtime-v1/initial-office-narrative-four-states-composition-runtime-v2.md,"Composición, preview o guía; no se carga directamente"
output/imagegen/runtime-v1/initial-office-props-atlas-runtime-v1.png,48004,runtime-approved,stage-runtime,game/public/assets/tilesets/props/,output/imagegen/runtime-v1/initial-office-props-atlas-runtime-v1.md,PNG runtime normalizado; conservar nombre hasta AssetManifest
output/imagegen/runtime-v1/initial-office-state-1-dialogue-runtime-v2.png,238418,validation-reference,exclude-runtime,assets-source/validation/,ASSET-CLASSIFICATION.md,"Composición, preview o guía; no se carga directamente"
output/imagegen/runtime-v1/initial-office-state-1-inactive-runtime-v1.png,251274,superseded-rejected,exclude-from-baseline,,ASSET-CLASSIFICATION.md,Reemplazado o incompatible con el alcance vigente
output/imagegen/runtime-v1/initial-office-state-2-loading-runtime-v1.png,259177,superseded-rejected,exclude-from-baseline,,ASSET-CLASSIFICATION.md,Reemplazado o incompatible con el alcance vigente
output/imagegen/runtime-v1/initial-office-state-2-movement-runtime-v2.png,260520,validation-reference,exclude-runtime,assets-source/validation/,ASSET-CLASSIFICATION.md,"Composición, preview o guía; no se carga directamente"
output/imagegen/runtime-v1/initial-office-state-3-hologram-runtime-v1.png,259944,superseded-rejected,exclude-from-baseline,,ASSET-CLASSIFICATION.md,Reemplazado o incompatible con el alcance vigente
output/imagegen/runtime-v1/initial-office-state-3-loading-runtime-v2.png,256411,validation-reference,exclude-runtime,assets-source/validation/,ASSET-CLASSIFICATION.md,"Composición, preview o guía; no se carga directamente"
output/imagegen/runtime-v1/initial-office-state-4-hologram-runtime-v2.png,259132,validation-reference,exclude-runtime,assets-source/validation/,ASSET-CLASSIFICATION.md,"Composición, preview o guía; no se carga directamente"
output/imagegen/runtime-v1/initial-office-three-states-composition-runtime-v1.png,765149,superseded-rejected,exclude-from-baseline,,output/imagegen/runtime-v1/initial-office-three-states-composition-runtime-v1.md,Reemplazado o incompatible con el alcance vigente
output/imagegen/runtime-v1/legacy-grove-demo-fade-state-1-dim-runtime-v1.png,823424,validation-reference,exclude-runtime,assets-source/validation/,ASSET-CLASSIFICATION.md,"Composición, preview o guía; no se carga directamente"
output/imagegen/runtime-v1/legacy-grove-demo-fade-state-2-near-black-runtime-v1.png,481186,validation-reference,exclude-runtime,assets-source/validation/,ASSET-CLASSIFICATION.md,"Composición, preview o guía; no se carga directamente"
output/imagegen/runtime-v1/legacy-grove-final-extraction-state-1-lock-on-runtime-v1.png,1018596,validation-reference,exclude-runtime,assets-source/validation/,ASSET-CLASSIFICATION.md,"Composición, preview o guía; no se carga directamente"
output/imagegen/runtime-v1/legacy-grove-final-extraction-state-2-transfer-runtime-v1.png,1016593,validation-reference,exclude-runtime,assets-source/validation/,ASSET-CLASSIFICATION.md,"Composición, preview o guía; no se carga directamente"
output/imagegen/runtime-v1/legacy-grove-final-extraction-state-3-residue-runtime-v1.png,1016414,validation-reference,exclude-runtime,assets-source/validation/,ASSET-CLASSIFICATION.md,"Composición, preview o guía; no se carga directamente"
output/imagegen/runtime-v1/legacy-grove-final-extraction-three-states-comparison-runtime-v1.png,317468,validation-reference,exclude-runtime,assets-source/validation/,ASSET-CLASSIFICATION.md,"Composición, preview o guía; no se carga directamente"
output/imagegen/runtime-v1/legacy-grove-mycelial-reactivated-warning-runtime-v1.png,1017427,validation-reference,exclude-runtime,assets-source/validation/,output/imagegen/runtime-v1/legacy-grove-mycelial-reactivated-warning-runtime-v1.md,"Composición, preview o guía; no se carga directamente"
output/imagegen/runtime-v1/legacy-grove-mycelial-reveal-state-1-aftermath-runtime-v1.png,1139337,validation-reference,exclude-runtime,assets-source/validation/,ASSET-CLASSIFICATION.md,"Composición, preview o guía; no se carga directamente"
output/imagegen/runtime-v1/legacy-grove-mycelial-reveal-state-2-propagation-runtime-v1.png,1074447,validation-reference,exclude-runtime,assets-source/validation/,ASSET-CLASSIFICATION.md,"Composición, preview o guía; no se carga directamente"
output/imagegen/runtime-v1/legacy-grove-mycelial-reveal-state-3-emergence-runtime-v1.png,1014091,validation-reference,exclude-runtime,assets-source/validation/,ASSET-CLASSIFICATION.md,"Composición, preview o guía; no se carga directamente"
output/imagegen/runtime-v1/legacy-grove-mycelial-reveal-three-states-comparison-runtime-v1.png,910270,validation-reference,exclude-runtime,assets-source/validation/,ASSET-CLASSIFICATION.md,"Composición, preview o guía; no se carga directamente"
output/imagegen/runtime-v1/mutable-widow-damage-runtime-v1.png,190712,runtime-approved,stage-runtime,game/public/assets/sprites/enemies/,output/imagegen/runtime-v1/mutable-widow-damage-runtime-v1.md,PNG runtime normalizado; conservar nombre hasta AssetManifest
output/imagegen/runtime-v1/mutable-widow-defeat-runtime-v1.png,170079,runtime-approved,stage-runtime,game/public/assets/sprites/enemies/,output/imagegen/runtime-v1/mutable-widow-defeat-runtime-v1.md,PNG runtime normalizado; conservar nombre hasta AssetManifest
output/imagegen/runtime-v1/mutable-widow-idle-runtime-v1.png,190292,runtime-approved,stage-runtime,game/public/assets/sprites/enemies/,output/imagegen/runtime-v1/mutable-widow-idle-runtime-v1.md,PNG runtime normalizado; conservar nombre hasta AssetManifest
output/imagegen/runtime-v1/mutable-widow-infected-idle-runtime-v1.png,194359,runtime-approved,stage-runtime,game/public/assets/sprites/enemies/,output/imagegen/runtime-v1/mutable-widow-infected-idle-runtime-v1.md,PNG runtime normalizado; conservar nombre hasta AssetManifest
output/imagegen/runtime-v1/mutable-widow-lair-base-tileset-runtime-v1.png,131944,runtime-approved,stage-runtime,game/public/assets/tilesets/,output/imagegen/runtime-v1/mutable-widow-lair-base-tileset-runtime-v1.md,PNG runtime normalizado; conservar nombre hasta AssetManifest
output/imagegen/runtime-v1/mutable-widow-lair-complete-area-runtime-v1.png,2226849,validation-reference,exclude-runtime,assets-source/validation/,ASSET-CLASSIFICATION.md,"Composición, preview o guía; no se carga directamente"
output/imagegen/runtime-v1/mutable-widow-lair-machinery-effects-runtime-v1.png,125173,runtime-approved,stage-runtime,game/public/assets/effects/environment/,output/imagegen/runtime-v1/mutable-widow-lair-machinery-effects-runtime-v1.md,PNG runtime normalizado; conservar nombre hasta AssetManifest
output/imagegen/runtime-v1/mutable-widow-lair-props-atlas-runtime-v1.png,97432,runtime-approved,stage-runtime,game/public/assets/tilesets/props/,output/imagegen/runtime-v1/mutable-widow-lair-props-atlas-runtime-v1.md,PNG runtime normalizado; conservar nombre hasta AssetManifest
output/imagegen/runtime-v1/mutable-widow-lair-state-1-exploration-runtime-v1.png,2231641,validation-reference,exclude-runtime,assets-source/validation/,ASSET-CLASSIFICATION.md,"Composición, preview o guía; no se carga directamente"
output/imagegen/runtime-v1/mutable-widow-lair-state-2-dual-encounter-runtime-v1.png,2242750,validation-reference,exclude-runtime,assets-source/validation/,ASSET-CLASSIFICATION.md,"Composición, preview o guía; no se carga directamente"
output/imagegen/runtime-v1/mutable-widow-lair-state-3-cleared-runtime-v1.png,2240991,validation-reference,exclude-runtime,assets-source/validation/,ASSET-CLASSIFICATION.md,"Composición, preview o guía; no se carga directamente"
output/imagegen/runtime-v1/mutable-widow-lair-three-states-comparison-runtime-v1.png,239403,validation-reference,exclude-runtime,assets-source/validation/,ASSET-CLASSIFICATION.md,"Composición, preview o guía; no se carga directamente"
output/imagegen/runtime-v1/mutable-widow-reassignment-volley-impact-runtime-v1.png,3090,runtime-approved,stage-runtime,game/public/assets/projectiles/,output/imagegen/runtime-v1/mutable-widow-reassignment-volley-impact-runtime-v1.md,PNG runtime normalizado; conservar nombre hasta AssetManifest
output/imagegen/runtime-v1/mutable-widow-reassignment-volley-projectile-runtime-v1.png,6371,runtime-approved,stage-runtime,game/public/assets/projectiles/,output/imagegen/runtime-v1/mutable-widow-reassignment-volley-projectile-runtime-v1.md,PNG runtime normalizado; conservar nombre hasta AssetManifest
output/imagegen/runtime-v1/mutable-widow-reassignment-volley-runtime-v1.png,195967,runtime-approved,stage-runtime,game/public/assets/sprites/enemies/,output/imagegen/runtime-v1/mutable-widow-reassignment-volley-runtime-v1.md,PNG runtime normalizado; conservar nombre hasta AssetManifest
output/imagegen/runtime-v1/mutable-widow-scope-web-effects-runtime-v1.png,4132,runtime-approved,stage-runtime,game/public/assets/projectiles/,output/imagegen/runtime-v1/mutable-widow-scope-web-effects-runtime-v1.md,PNG runtime normalizado; conservar nombre hasta AssetManifest
output/imagegen/runtime-v1/mutable-widow-scope-web-runtime-v1.png,131374,runtime-approved,stage-runtime,game/public/assets/sprites/enemies/,output/imagegen/runtime-v1/mutable-widow-scope-web-runtime-v1.md,PNG runtime normalizado; conservar nombre hasta AssetManifest
output/imagegen/runtime-v1/mycelial-corruption-progressive-atlas-runtime-v1.png,99148,runtime-approved,stage-runtime,game/public/assets/projectiles/,output/imagegen/runtime-v1/mycelial-corruption-progressive-atlas-runtime-v1.md,PNG runtime normalizado; conservar nombre hasta AssetManifest
output/imagegen/runtime-v1/mycelial-monolith-dependency-takeover-network-runtime-v1.png,39967,runtime-approved,stage-runtime,game/public/assets/projectiles/,output/imagegen/runtime-v1/mycelial-monolith-dependency-takeover-network-runtime-v1.md,PNG runtime normalizado; conservar nombre hasta AssetManifest
output/imagegen/runtime-v1/mycelial-monolith-dependency-takeover-runtime-v1.png,460355,runtime-approved,stage-runtime,game/public/assets/sprites/enemies/,output/imagegen/runtime-v1/mycelial-monolith-dependency-takeover-runtime-v1.md,PNG runtime normalizado; conservar nombre hasta AssetManifest
output/imagegen/runtime-v1/mycelial-monolith-idle-runtime-v1.png,462626,runtime-approved,stage-runtime,game/public/assets/sprites/enemies/,output/imagegen/runtime-v1/mycelial-monolith-idle-runtime-v1.md,PNG runtime normalizado; conservar nombre hasta AssetManifest
output/imagegen/runtime-v1/mycelial-monolith-spore-injection-impact-runtime-v1.png,4942,runtime-approved,stage-runtime,game/public/assets/projectiles/,output/imagegen/runtime-v1/mycelial-monolith-spore-injection-impact-runtime-v1.md,PNG runtime normalizado; conservar nombre hasta AssetManifest
output/imagegen/runtime-v1/mycelial-monolith-spore-injection-projectile-runtime-v1.png,10617,runtime-approved,stage-runtime,game/public/assets/projectiles/,output/imagegen/runtime-v1/mycelial-monolith-spore-injection-projectile-runtime-v1.md,PNG runtime normalizado; conservar nombre hasta AssetManifest
output/imagegen/runtime-v1/mycelial-monolith-spore-injection-runtime-v1.png,456419,runtime-approved,stage-runtime,game/public/assets/sprites/enemies/,output/imagegen/runtime-v1/mycelial-monolith-spore-injection-runtime-v1.md,PNG runtime normalizado; conservar nombre hasta AssetManifest
output/imagegen/runtime-v1/parse-mantis-damage-runtime-v1.png,165709,runtime-approved,stage-runtime,game/public/assets/sprites/enemies/,ASSET-CLASSIFICATION.md,PNG runtime normalizado; conservar nombre hasta AssetManifest
output/imagegen/runtime-v1/parse-mantis-defeat-runtime-v1.png,156632,runtime-approved,stage-runtime,game/public/assets/sprites/enemies/,ASSET-CLASSIFICATION.md,PNG runtime normalizado; conservar nombre hasta AssetManifest
output/imagegen/runtime-v1/parse-mantis-idle-runtime-v1.png,149302,runtime-approved,stage-runtime,game/public/assets/sprites/enemies/,ASSET-CLASSIFICATION.md,PNG runtime normalizado; conservar nombre hasta AssetManifest
output/imagegen/runtime-v1/parse-mantis-infected-idle-runtime-v1.png,152122,runtime-approved,stage-runtime,game/public/assets/sprites/enemies/,output/imagegen/runtime-v1/parse-mantis-infected-idle-runtime-v1.md,PNG runtime normalizado; conservar nombre hasta AssetManifest
output/imagegen/runtime-v1/parse-mantis-linear-attack-runtime-v1.png,165065,runtime-approved,stage-runtime,game/public/assets/sprites/enemies/,ASSET-CLASSIFICATION.md,PNG runtime normalizado; conservar nombre hasta AssetManifest
output/imagegen/runtime-v1/parse-mantis-linear-projectile-impact-runtime-v1.png,2603,runtime-approved,stage-runtime,game/public/assets/projectiles/,output/imagegen/runtime-v1/parse-mantis-linear-projectile-impact-runtime-v1.md,PNG runtime normalizado; conservar nombre hasta AssetManifest
output/imagegen/runtime-v1/parse-mantis-linear-projectile-runtime-v1.png,1713,runtime-approved,stage-runtime,game/public/assets/projectiles/,output/imagegen/runtime-v1/parse-mantis-linear-projectile-runtime-v1.md,PNG runtime normalizado; conservar nombre hasta AssetManifest
output/imagegen/runtime-v1/radial-projectile-impact-runtime-v1.png,674,runtime-approved,stage-runtime,game/public/assets/projectiles/,output/imagegen/runtime-v1/radial-projectile-impact-runtime-v1.md,PNG runtime normalizado; conservar nombre hasta AssetManifest
output/imagegen/runtime-v1/radial-projectile-runtime-v1.png,526,runtime-approved,stage-runtime,game/public/assets/projectiles/,output/imagegen/runtime-v1/radial-projectile-runtime-v1.md,PNG runtime normalizado; conservar nombre hasta AssetManifest
output/imagegen/runtime-v1/senior-engineer-attack-keyboard-runtime-v1.png,127856,runtime-approved,stage-runtime,game/public/assets/sprites/player/,ASSET-CLASSIFICATION.md,PNG runtime normalizado; conservar nombre hasta AssetManifest
output/imagegen/runtime-v1/senior-engineer-damage-runtime-v1.png,129611,runtime-approved,stage-runtime,game/public/assets/sprites/player/,ASSET-CLASSIFICATION.md,PNG runtime normalizado; conservar nombre hasta AssetManifest
output/imagegen/runtime-v1/senior-engineer-defeat-runtime-v1.png,140266,runtime-approved,stage-runtime,game/public/assets/sprites/player/,ASSET-CLASSIFICATION.md,PNG runtime normalizado; conservar nombre hasta AssetManifest
output/imagegen/runtime-v1/senior-engineer-emergency-extraction-runtime-v1.png,30872,runtime-approved,stage-runtime,game/public/assets/sprites/player/,output/imagegen/runtime-v1/senior-engineer-emergency-extraction-runtime-v1.md,PNG runtime normalizado; conservar nombre hasta AssetManifest
output/imagegen/runtime-v1/senior-engineer-idle-runtime-v1.png,112852,runtime-approved,stage-runtime,game/public/assets/sprites/player/,ASSET-CLASSIFICATION.md,PNG runtime normalizado; conservar nombre hasta AssetManifest
output/imagegen/runtime-v1/senior-engineer-seated-narrative-runtime-v1.png,141255,superseded-rejected,exclude-from-baseline,,output/imagegen/runtime-v1/senior-engineer-seated-narrative-runtime-v1.md,"Secuencia C4 incorrecta; reemplazada por wake-stand runtime v2"
output/imagegen/runtime-v1/senior-engineer-wake-stand-runtime-v2.png,121408,runtime-approved,stage-runtime,game/public/assets/sprites/player/,output/imagegen/runtime-v1/senior-engineer-wake-stand-runtime-v2.md,PNG runtime normalizado; conservar nombre hasta AssetManifest
output/imagegen/runtime-v1/senior-engineer-walk-runtime-v1.png,117734,runtime-approved,stage-runtime,game/public/assets/sprites/player/,ASSET-CLASSIFICATION.md,PNG runtime normalizado; conservar nombre hasta AssetManifest
output/imagegen/senior-engineer-attack-keyboard-chroma.png,1390506,temporary-intermediate,ignore-never-stage,,ASSET-CLASSIFICATION.md,"Fuente cromática, alpha o salida intermedia"
output/imagegen/senior-engineer-attack-keyboard-spritesheet.png,744117,master-concept-source,exclude-first-staging,assets-source/concepts/,ASSET-CLASSIFICATION.md,"Master, concepto o export previo a normalización runtime"
output/imagegen/senior-engineer-attack-keyboard-transparent.png,703428,temporary-intermediate,ignore-never-stage,,ASSET-CLASSIFICATION.md,"Fuente cromática, alpha o salida intermedia"
output/imagegen/senior-engineer-damage-chroma.png,1391404,temporary-intermediate,ignore-never-stage,,ASSET-CLASSIFICATION.md,"Fuente cromática, alpha o salida intermedia"
output/imagegen/senior-engineer-damage-spritesheet.png,729689,master-concept-source,exclude-first-staging,assets-source/concepts/,ASSET-CLASSIFICATION.md,"Master, concepto o export previo a normalización runtime"
output/imagegen/senior-engineer-damage-transparent.png,644453,temporary-intermediate,ignore-never-stage,,ASSET-CLASSIFICATION.md,"Fuente cromática, alpha o salida intermedia"
output/imagegen/senior-engineer-defeat-chroma.png,1363051,temporary-intermediate,ignore-never-stage,,ASSET-CLASSIFICATION.md,"Fuente cromática, alpha o salida intermedia"
output/imagegen/senior-engineer-defeat-spritesheet.png,674146,master-concept-source,exclude-first-staging,assets-source/concepts/,ASSET-CLASSIFICATION.md,"Master, concepto o export previo a normalización runtime"
output/imagegen/senior-engineer-defeat-transparent.png,619628,temporary-intermediate,ignore-never-stage,,ASSET-CLASSIFICATION.md,"Fuente cromática, alpha o salida intermedia"
output/imagegen/senior-engineer-idle-chroma.png,1379129,temporary-intermediate,ignore-never-stage,,ASSET-CLASSIFICATION.md,"Fuente cromática, alpha o salida intermedia"
output/imagegen/senior-engineer-idle-spritesheet.png,710423,master-concept-source,exclude-first-staging,assets-source/concepts/,ASSET-CLASSIFICATION.md,"Master, concepto o export previo a normalización runtime"
output/imagegen/senior-engineer-idle-transparent.png,687127,temporary-intermediate,ignore-never-stage,,ASSET-CLASSIFICATION.md,"Fuente cromática, alpha o salida intermedia"
output/imagegen/senior-engineer-rpg-spritesheet-with-keyboard-attack.png,1462322,superseded-rejected,exclude-from-baseline,,ASSET-CLASSIFICATION.md,Reemplazado o incompatible con el alcance vigente
output/imagegen/senior-engineer-rpg-spritesheet.png,718097,master-concept-source,exclude-first-staging,assets-source/concepts/,ASSET-CLASSIFICATION.md,"Master, concepto o export previo a normalización runtime"
output/imagegen/senior-engineer-spritesheet-1536x2048.png,760984,master-concept-source,exclude-first-staging,assets-source/concepts/,ASSET-CLASSIFICATION.md,"Master, concepto o export previo a normalización runtime"
output/imagegen/senior-engineer-spritesheet-chroma.png,1375832,temporary-intermediate,ignore-never-stage,,ASSET-CLASSIFICATION.md,"Fuente cromática, alpha o salida intermedia"
output/imagegen/senior-engineer-spritesheet-transparent.png,697789,temporary-intermediate,ignore-never-stage,,ASSET-CLASSIFICATION.md,"Fuente cromática, alpha o salida intermedia"
output/imagegen/validation/priority-3-projectiles-validation-contact-sheet.png,174314,validation-reference,exclude-runtime,assets-source/validation/,ASSET-CLASSIFICATION.md,Reporte visual; no se carga en el juego
output/imagegen/varmorph-concept-sheet-source.png,1519118,temporary-intermediate,ignore-never-stage,,ASSET-CLASSIFICATION.md,"Fuente cromática, alpha o salida intermedia"
output/imagegen/varmorph-concept-sheet.png,995603,superseded-rejected,exclude-from-baseline,,ASSET-CLASSIFICATION.md,Reemplazado o incompatible con el alcance vigente
sprite-export/bugslayer_logo.png,1489185,master-legacy-export,exclude-first-staging,assets-source/legacy-export/,ASSET-CLASSIFICATION.md,Export de alta resolución o duplicado histórico
sprite-export/output/imagegen/parse-mantis-concept-sheet.png,1541288,master-legacy-export,exclude-first-staging,assets-source/legacy-export/,ASSET-CLASSIFICATION.md,Export de alta resolución o duplicado histórico
sprite-export/output/imagegen/parse-mantis-damage-spritesheet.png,1064096,master-legacy-export,exclude-first-staging,assets-source/legacy-export/,ASSET-CLASSIFICATION.md,Export de alta resolución o duplicado histórico
sprite-export/output/imagegen/parse-mantis-defeat-spritesheet.png,1022999,master-legacy-export,exclude-first-staging,assets-source/legacy-export/,ASSET-CLASSIFICATION.md,Export de alta resolución o duplicado histórico
sprite-export/output/imagegen/parse-mantis-idle-spritesheet.png,925820,master-legacy-export,exclude-first-staging,assets-source/legacy-export/,ASSET-CLASSIFICATION.md,Export de alta resolución o duplicado histórico
sprite-export/output/imagegen/parse-mantis-linear-attack-spritesheet.png,1058230,master-legacy-export,exclude-first-staging,assets-source/legacy-export/,ASSET-CLASSIFICATION.md,Export de alta resolución o duplicado histórico
sprite-export/output/imagegen/senior-engineer-attack-keyboard-spritesheet.png,744117,master-legacy-export,exclude-first-staging,assets-source/legacy-export/,ASSET-CLASSIFICATION.md,Export de alta resolución o duplicado histórico
sprite-export/output/imagegen/senior-engineer-damage-spritesheet.png,729689,master-legacy-export,exclude-first-staging,assets-source/legacy-export/,ASSET-CLASSIFICATION.md,Export de alta resolución o duplicado histórico
sprite-export/output/imagegen/senior-engineer-defeat-spritesheet.png,674146,master-legacy-export,exclude-first-staging,assets-source/legacy-export/,ASSET-CLASSIFICATION.md,Export de alta resolución o duplicado histórico
sprite-export/output/imagegen/senior-engineer-idle-spritesheet.png,710423,master-legacy-export,exclude-first-staging,assets-source/legacy-export/,ASSET-CLASSIFICATION.md,Export de alta resolución o duplicado histórico
sprite-export/output/imagegen/senior-engineer-rpg-spritesheet-with-keyboard-attack.png,1462322,superseded-rejected,exclude-from-baseline,,ASSET-CLASSIFICATION.md,Reemplazado o incompatible con el alcance vigente
sprite-export/output/imagegen/senior-engineer-rpg-spritesheet.png,718097,master-legacy-export,exclude-first-staging,assets-source/legacy-export/,ASSET-CLASSIFICATION.md,Export de alta resolución o duplicado histórico
